{
  "request_rate": {
    "mean": 182.85157775878906,
    "std": 198.05697631835938,
    "min": 0.0,
    "max": 694.734375,
    "p25": 36.09406661987305,
    "p50": 74.66666412353516,
    "p75": 316.6011047363281,
    "p99": 613.2984619140625
  },
  "error_rate": {
    "mean": 0.0,
    "std": 0.0,
    "min": 0.0,
    "max": 0.0,
    "p25": 0.0,
    "p50": 0.0,
    "p75": 0.0,
    "p99": 0.0
  },
  "latency": {
    "mean": 0.12182001024484634,
    "std": 0.22313915193080902,
    "min": 0.002515986794605851,
    "max": 1.8991297483444214,
    "p25": 0.004784084856510162,
    "p50": 0.046730998903512955,
    "p75": 0.16449570655822754,
    "p99": 1.2675364017486572
  },
  "cpu_usage": {
    "mean": 5.348813056945801,
    "std": 3.495687961578369,
    "min": 0.24700431525707245,
    "max": 23.12259864807129,
    "p25": 1.6633042097091675,
    "p50": 5.367068290710449,
    "p75": 8.430221557617188,
    "p99": 11.70555305480957
  },
  "memory_usage": {
    "mean": 42339592.0,
    "std": 31830614.0,
    "min": 8790016.0,
    "max": 119360168.0,
    "p25": 11595093.0,
    "p50": 39777896.0,
    "p75": 59081320.0,
    "p99": 101511168.0
  }
}