{
  "request_rate": {
    "mean": 178.80142211914062,
    "std": 192.87286376953125,
    "min": 0.0,
    "max": 688.3588256835938,
    "p25": 39.13396453857422,
    "p50": 71.06266784667969,
    "p75": 312.79998779296875,
    "p99": 602.8013305664062
  },
  "error_rate": {
    "mean": 0.0,
    "std": 0.0,
    "min": 0.0,
    "max": 0.0,
    "p25": 0.0,
    "p50": 0.0,
    "p75": 0.0,
    "p99": 0.0
  },
  "latency": {
    "mean": 0.12482507526874542,
    "std": 0.1713404357433319,
    "min": 0.004564912058413029,
    "max": 1.3122222423553467,
    "p25": 0.004929589107632637,
    "p50": 0.05945967882871628,
    "p75": 0.17685192823410034,
    "p99": 0.8316524028778076
  },
  "cpu_usage": {
    "mean": 5.540965557098389,
    "std": 3.50423526763916,
    "min": 0.6101563572883606,
    "max": 23.12259864807129,
    "p25": 1.709632396697998,
    "p50": 5.435758590698242,
    "p75": 8.770708084106445,
    "p99": 11.665318489074707
  },
  "memory_usage": {
    "mean": 43908084.0,
    "std": 33001326.0,
    "min": 9247949.0,
    "max": 102260736.0,
    "p25": 11650048.0,
    "p50": 39796736.0,
    "p75": 59138184.0,
    "p99": 101556264.0
  }
}